epoch,loss
50,0.3824838959876681
100,0.37400903839474625
150,0.12790922903519855
200,0.34020619090003124
250,0.056544073969236726
300,0.3040602803840105
350,0.08379704610266765
400,0.09202036396233974
450,0.032546277222670145
500,0.03212108651242277
550,0.03201649609083086
600,0.03198424464531503
650,0.03195848336504992
700,0.0319486906739599
750,0.03189213505699741
800,0.031421733282402525
850,0.030400663545135428
900,0.030825797775912142
950,0.030865923726535856
1000,0.03059995088175461
